{
  "train_rmse": 11.460600844307447,
  "train_mae": 9.238848212250561,
  "test_rmse": 12.124811054944619,
  "test_mae": 10.766499909687358
}