{
  "train_rmse": 10.449190908760679,
  "train_mae": 8.55712017913485,
  "test_rmse": 9.231916802540537,
  "test_mae": 7.819756185757797
}