{
  "train_rmse": 11.460600653995227,
  "train_mae": 9.238847971513183,
  "test_rmse": 12.124816505653468,
  "test_mae": 10.766501387408987
}