{
  "train_rmse": 10.449079099577714,
  "train_mae": 8.557069408649344,
  "test_rmse": 9.231538657782338,
  "test_mae": 7.819525660214845
}