{
  "train_rmse": 10.449106392976141,
  "train_mae": 8.557081802950972,
  "test_rmse": 9.23163103368913,
  "test_mae": 7.819581985125496
}