{
  "train_rmse": 10.44909302079981,
  "train_mae": 8.557075731161337,
  "test_rmse": 9.231585780386103,
  "test_mae": 7.819554392856375
}