{
  "train_rmse": 10.44955243716259,
  "train_mae": 8.557284458663263,
  "test_rmse": 9.233134514832871,
  "test_mae": 7.820498014613629
}