{
  "train_rmse": 0.4439795430180095,
  "train_mae": 0.31950737286009656,
  "test_rmse": 0.44430909536082625,
  "test_mae": 0.32130276652015466
}