{
  "train_rmse": 10.449999717880335,
  "train_mae": 8.557487994223045,
  "test_rmse": 9.234630747054943,
  "test_mae": 7.821408347593192
}