{
  "train_rmse": 11.460599454879306,
  "train_mae": 9.238846455276986,
  "test_rmse": 12.124851426553725,
  "test_mae": 10.766511010636423
}