{
  "train_rmse": 10.449794635777529,
  "train_mae": 8.557394667775705,
  "test_rmse": 9.23394610580559,
  "test_mae": 7.820992000496687
}