{
  "train_rmse": 10.449127009941849,
  "train_mae": 8.557091163659265,
  "test_rmse": 9.23170078363758,
  "test_mae": 7.819624511355428
}