{
  "train_rmse": 10.449323345965983,
  "train_mae": 8.557180321310492,
  "test_rmse": 9.232363762257306,
  "test_mae": 7.8200285341930575
}