{
  "train_rmse": 10.449131640647188,
  "train_mae": 8.557093266705479,
  "test_rmse": 9.231716446477344,
  "test_mae": 7.819634060405576
}