{
  "train_rmse": 10.44915277076378,
  "train_mae": 8.55710286204667,
  "test_rmse": 9.231787900653819,
  "test_mae": 7.819677619368858
}