{
  "train_rmse": 10.455630842915353,
  "train_mae": 8.5722187967491,
  "test_rmse": 9.13139810866966,
  "test_mae": 7.739724056834561
}