{
  "train_rmse": 10.449628189878092,
  "train_mae": 8.557318919220156,
  "test_rmse": 9.233388714285645,
  "test_mae": 7.820652782510739
}